order,question_id,dataset_video_id,video_id,stratum,filename,source_url,local_target,in_uploaded_zip
"1","264-2","264","8e05W-wi38g","short","8e05W-wi38g.mp4","https://www.youtube.com/watch?v=8e05W-wi38g","data/videos/video_mme/8e05W-wi38g.mp4","false"
"2","844-1","844","K7YNoRZMv2k","long","K7YNoRZMv2k.mp4","https://www.youtube.com/watch?v=K7YNoRZMv2k","data/videos/video_mme/K7YNoRZMv2k.mp4","false"
"3","872-2","872","ZP-Y2S750KY","long","ZP-Y2S750KY.mp4","https://www.youtube.com/watch?v=ZP-Y2S750KY","data/videos/video_mme/ZP-Y2S750KY.mp4","false"
"4","184-3","184","HiJb_2dvuHc","short","HiJb_2dvuHc.mp4","https://www.youtube.com/watch?v=HiJb_2dvuHc","data/videos/video_mme/HiJb_2dvuHc.mp4","false"
"5","004-3","004","HwnB8aCn8yE","short","HwnB8aCn8yE.mp4","https://www.youtube.com/watch?v=HwnB8aCn8yE","data/videos/video_mme/HwnB8aCn8yE.mp4","true"
"6","395-2","395","-XpJeDGh8No","medium","-XpJeDGh8No.mp4","https://www.youtube.com/watch?v=-XpJeDGh8No","data/videos/video_mme/-XpJeDGh8No.mp4","false"
"7","815-2","815","7TydWUguPRU","long","7TydWUguPRU.mp4","https://www.youtube.com/watch?v=7TydWUguPRU","data/videos/video_mme/7TydWUguPRU.mp4","false"
"8","491-2","491","dez7DLniEJA","medium","dez7DLniEJA.mp4","https://www.youtube.com/watch?v=dez7DLniEJA","data/videos/video_mme/dez7DLniEJA.mp4","false"
"9","305-3","305","tuZcS2Flabw","medium","tuZcS2Flabw.mp4","https://www.youtube.com/watch?v=tuZcS2Flabw","data/videos/video_mme/tuZcS2Flabw.mp4","false"
"10","409-3","409","uMIohuKRq58","medium","uMIohuKRq58.mp4","https://www.youtube.com/watch?v=uMIohuKRq58","data/videos/video_mme/uMIohuKRq58.mp4","false"
"11","871-2","871","ZkhAbUGoD18","long","ZkhAbUGoD18.mp4","https://www.youtube.com/watch?v=ZkhAbUGoD18","data/videos/video_mme/ZkhAbUGoD18.mp4","false"
"12","304-1","304","QTA8j5wSTx4","medium","QTA8j5wSTx4.mp4","https://www.youtube.com/watch?v=QTA8j5wSTx4","data/videos/video_mme/QTA8j5wSTx4.mp4","false"
"13","102-2","102","0IdYJGBmguM","short","0IdYJGBmguM.mp4","https://www.youtube.com/watch?v=0IdYJGBmguM","data/videos/video_mme/0IdYJGBmguM.mp4","false"
"14","128-1","128","EJ_yarUrgVQ","short","EJ_yarUrgVQ.mp4","https://www.youtube.com/watch?v=EJ_yarUrgVQ","data/videos/video_mme/EJ_yarUrgVQ.mp4","false"
"15","170-2","170","E895PNqSgEI","short","E895PNqSgEI.mp4","https://www.youtube.com/watch?v=E895PNqSgEI","data/videos/video_mme/E895PNqSgEI.mp4","false"
"16","158-3","158","uJFbOrNrL3w","short","uJFbOrNrL3w.mp4","https://www.youtube.com/watch?v=uJFbOrNrL3w","data/videos/video_mme/uJFbOrNrL3w.mp4","false"
"17","538-1","538","uhYiRmGURwE","medium","uhYiRmGURwE.mp4","https://www.youtube.com/watch?v=uhYiRmGURwE","data/videos/video_mme/uhYiRmGURwE.mp4","false"
"18","584-3","584","lNvBXLbInXE","medium","lNvBXLbInXE.mp4","https://www.youtube.com/watch?v=lNvBXLbInXE","data/videos/video_mme/lNvBXLbInXE.mp4","false"
"19","705-1","705","X6UqTmRAApw","long","X6UqTmRAApw.mp4","https://www.youtube.com/watch?v=X6UqTmRAApw","data/videos/video_mme/X6UqTmRAApw.mp4","false"
"20","544-1","544","_CqKv0Y1FB0","medium","_CqKv0Y1FB0.mp4","https://www.youtube.com/watch?v=_CqKv0Y1FB0","data/videos/video_mme/_CqKv0Y1FB0.mp4","false"
"21","384-3","384","ECgVLceb_LE","medium","ECgVLceb_LE.mp4","https://www.youtube.com/watch?v=ECgVLceb_LE","data/videos/video_mme/ECgVLceb_LE.mp4","false"
"22","891-3","891","uuCVnqV4cNc","long","uuCVnqV4cNc.mp4","https://www.youtube.com/watch?v=uuCVnqV4cNc","data/videos/video_mme/uuCVnqV4cNc.mp4","false"
"23","168-3","168","DK6bKtXUE1c","short","DK6bKtXUE1c.mp4","https://www.youtube.com/watch?v=DK6bKtXUE1c","data/videos/video_mme/DK6bKtXUE1c.mp4","false"
"24","306-2","306","s_TGkDcjBqI","medium","s_TGkDcjBqI.mp4","https://www.youtube.com/watch?v=s_TGkDcjBqI","data/videos/video_mme/s_TGkDcjBqI.mp4","false"
"25","012-3","012","qvwfWyU9Gfc","short","qvwfWyU9Gfc.mp4","https://www.youtube.com/watch?v=qvwfWyU9Gfc","data/videos/video_mme/qvwfWyU9Gfc.mp4","true"
"26","056-2","056","WmVLcj-XKnM","short","WmVLcj-XKnM.mp4","https://www.youtube.com/watch?v=WmVLcj-XKnM","data/videos/video_mme/WmVLcj-XKnM.mp4","false"
"27","630-1","630","BjmPvovl-V4","long","BjmPvovl-V4.mp4","https://www.youtube.com/watch?v=BjmPvovl-V4","data/videos/video_mme/BjmPvovl-V4.mp4","false"
"28","443-1","443","cPlpZdGLa5A","medium","cPlpZdGLa5A.mp4","https://www.youtube.com/watch?v=cPlpZdGLa5A","data/videos/video_mme/cPlpZdGLa5A.mp4","false"
"29","383-2","383","e3fz3dqhN44","medium","e3fz3dqhN44.mp4","https://www.youtube.com/watch?v=e3fz3dqhN44","data/videos/video_mme/e3fz3dqhN44.mp4","false"
"30","411-3","411","K759eXmaMTY","medium","K759eXmaMTY.mp4","https://www.youtube.com/watch?v=K759eXmaMTY","data/videos/video_mme/K759eXmaMTY.mp4","false"
"31","893-1","893","WQn-c_4dVWs","long","WQn-c_4dVWs.mp4","https://www.youtube.com/watch?v=WQn-c_4dVWs","data/videos/video_mme/WQn-c_4dVWs.mp4","false"
"32","321-2","321","7Hk9jct2ozY","medium","7Hk9jct2ozY.mp4","https://www.youtube.com/watch?v=7Hk9jct2ozY","data/videos/video_mme/7Hk9jct2ozY.mp4","false"
"33","736-2","736","-y1U0qk1vDs","long","-y1U0qk1vDs.mp4","https://www.youtube.com/watch?v=-y1U0qk1vDs","data/videos/video_mme/-y1U0qk1vDs.mp4","false"
"34","103-1","103","G267g0DpCVg","short","G267g0DpCVg.mp4","https://www.youtube.com/watch?v=G267g0DpCVg","data/videos/video_mme/G267g0DpCVg.mp4","false"
"35","716-1","716","B9He5DVePvk","long","B9He5DVePvk.mp4","https://www.youtube.com/watch?v=B9He5DVePvk","data/videos/video_mme/B9He5DVePvk.mp4","false"
"36","022-2","022","n3IYmdy6d4Y","short","n3IYmdy6d4Y.mp4","https://www.youtube.com/watch?v=n3IYmdy6d4Y","data/videos/video_mme/n3IYmdy6d4Y.mp4","true"
"37","842-3","842","CKYw_RG7i7w","long","CKYw_RG7i7w.mp4","https://www.youtube.com/watch?v=CKYw_RG7i7w","data/videos/video_mme/CKYw_RG7i7w.mp4","false"
"38","316-3","316","IaTaaNinolU","medium","IaTaaNinolU.mp4","https://www.youtube.com/watch?v=IaTaaNinolU","data/videos/video_mme/IaTaaNinolU.mp4","false"
"39","693-1","693","dXUXfyiX2lA","long","dXUXfyiX2lA.mp4","https://www.youtube.com/watch?v=dXUXfyiX2lA","data/videos/video_mme/dXUXfyiX2lA.mp4","false"
"40","115-2","115","W86cTIoMv2U","short","W86cTIoMv2U.mp4","https://www.youtube.com/watch?v=W86cTIoMv2U","data/videos/video_mme/W86cTIoMv2U.mp4","false"
"41","870-1","870","Fibq4aA-GVc","long","Fibq4aA-GVc.mp4","https://www.youtube.com/watch?v=Fibq4aA-GVc","data/videos/video_mme/Fibq4aA-GVc.mp4","false"
"42","260-2","260","3E4Zca1p64s","short","3E4Zca1p64s.mp4","https://www.youtube.com/watch?v=3E4Zca1p64s","data/videos/video_mme/3E4Zca1p64s.mp4","false"
"43","204-3","204","pcm_E7UoKLo","short","pcm_E7UoKLo.mp4","https://www.youtube.com/watch?v=pcm_E7UoKLo","data/videos/video_mme/pcm_E7UoKLo.mp4","false"
"44","691-3","691","lMxFbRc3Luk","long","lMxFbRc3Luk.mp4","https://www.youtube.com/watch?v=lMxFbRc3Luk","data/videos/video_mme/lMxFbRc3Luk.mp4","false"
"45","729-1","729","bBazRZOxl-k","long","bBazRZOxl-k.mp4","https://www.youtube.com/watch?v=bBazRZOxl-k","data/videos/video_mme/bBazRZOxl-k.mp4","false"
"46","597-1","597","5R64pAPUZmk","medium","5R64pAPUZmk.mp4","https://www.youtube.com/watch?v=5R64pAPUZmk","data/videos/video_mme/5R64pAPUZmk.mp4","false"
"47","452-1","452","Xim8-lUZnsA","medium","Xim8-lUZnsA.mp4","https://www.youtube.com/watch?v=Xim8-lUZnsA","data/videos/video_mme/Xim8-lUZnsA.mp4","false"
"48","601-1","601","TGom0uiW130","long","TGom0uiW130.mp4","https://www.youtube.com/watch?v=TGom0uiW130","data/videos/video_mme/TGom0uiW130.mp4","false"
"49","143-2","143","PJHkIJZGwKA","short","PJHkIJZGwKA.mp4","https://www.youtube.com/watch?v=PJHkIJZGwKA","data/videos/video_mme/PJHkIJZGwKA.mp4","false"
"50","001-2","001","fFjv93ACGo8","short","fFjv93ACGo8.mp4","https://www.youtube.com/watch?v=fFjv93ACGo8","data/videos/video_mme/fFjv93ACGo8.mp4","true"
